1,Ethelda,836-137-0694,78667 Independence Drive,p1Cp0hMMQzCh,efoystone0@yelp.com,65
2,Lurette,682-180-5234,1 Melby Crossing,8TcQI6MlRMh,lmainland1@unesco.org,45
3,Chester,593-517-5485,16427 Kipling Street,OAPCFolYuUNK,cviveash2@washingtonpost.com,52
4,Alvira,712-827-9599,82706 Elmside Lane,qGFkD8p,amatyukon3@xrea.com,53
5,Maryanna,256-417-2894,77 Ludington Junction,234x7cKZjU,mcalltone4@google.com,38
6,Dallas,555-966-2855,18 Jay Circle,VxVEWu,dstump5@homestead.com,29
7,Marylinda,533-904-9285,89 Oriole Court,kbOBCy87,mbourtoumieux6@shareasale.com,43
8,Joseph,121-880-5322,95376 Orin Trail,fCxVH0,jjanew7@lycos.com,56
9,Teirtza,871-581-4253,826 Mendota Pass,u1U7tyk,twelsh8@people.com.cn,58
10,Ninnetta,156-163-9279,01125 Corscot Pass,xxZz5rxq456K,nroath9@rambler.ru,27
20,Michel,796-474-1602,645 Nevada Parkway,JN4WMLB,mcaukillj@washington.edu,75
100,root,836-137-32222,78667 Independence,1234,efoystone0@yelp.com,65,100